int id, String userName, String category, LocalDate date, String location, String title
1,steve,concert,2013-12-12,SriLanka, event1
1,bill,sports,2013-12-12,SriLanka, event2
1,bob,party,2013-12-12,SriLanka, event3
1,steve,yardsale,2013-12-12,SriLanka, event4
1,bill,sports,2013-12-12,SriLanka, event5
1,steve,party,2013-12-12,SriLanka, event6
1,steve,yardsale,2013-12-12,SriLanka, event7
1,steve,party,2013-12-12,SriLanka, event8
1,bill,sports,2013-12-12,SriLanka, event9
1,steve,party,2013-12-12,SriLanka, event10
1,bob,party,2013-12-12,SriLanka, event11
1,steve,party,2013-12-12,SriLanka, event12
1,bill,concert,2013-12-12,SriLanka, event13
1,steve,sports,2013-12-12,SriLanka, event14
1,bob,party,2013-12-12,SriLanka, event15
1,steve,yardsale,2013-12-12,SriLanka, event16
1,bill,sports,2013-12-12,SriLanka, event17
1,steve,party,2013-12-12,SriLanka, event18
1,bob,party,2013-12-12,SriLanka, event19
1,steve,sports,2013-12-12,SriLanka, event20
1,bill,party,2013-12-12,SriLanka, event21
1,steve,yardsale,2013-12-12,SriLanka, event22
1,bob,sports,2013-12-12,SriLanka, event23
1,steve,concert,2013-12-12,SriLanka, event24
1,bill,party,2013-12-12,SriLanka, event25
1,steve,sports,2013-12-12,SriLanka, event26
1,steve,yardsale,2013-12-12,SriLanka, event27
1,bill,party,2013-12-12,SriLanka, event28
1,bob,concert,2013-12-12,SriLanka, event29